mix, iter, loglik_curr
0.000000000000000000e+00,0.000000000000000000e+00,-6.335259986820411541e+03
0.000000000000000000e+00,1.000000000000000000e+00,-5.719954260621527283e+03
0.000000000000000000e+00,2.000000000000000000e+00,-5.667590973445901909e+03
0.000000000000000000e+00,3.000000000000000000e+00,-5.636673354998090872e+03
0.000000000000000000e+00,4.000000000000000000e+00,-5.615969015327173111e+03
0.000000000000000000e+00,5.000000000000000000e+00,-5.600574428492816878e+03
0.000000000000000000e+00,6.000000000000000000e+00,-5.588098636950337095e+03
0.000000000000000000e+00,7.000000000000000000e+00,-5.577303308776452468e+03
0.000000000000000000e+00,8.000000000000000000e+00,-5.567522095295146755e+03
0.000000000000000000e+00,9.000000000000000000e+00,-5.558387014989715681e+03
0.000000000000000000e+00,1.000000000000000000e+01,-5.549690534518481400e+03
0.000000000000000000e+00,1.100000000000000000e+01,-5.541312937958981820e+03
0.000000000000000000e+00,1.200000000000000000e+01,-5.533183177603544209e+03
0.000000000000000000e+00,1.300000000000000000e+01,-5.525257570202595161e+03
0.000000000000000000e+00,1.400000000000000000e+01,-5.517508170421586328e+03
0.000000000000000000e+00,1.500000000000000000e+01,-5.509916414279808123e+03
0.000000000000000000e+00,1.600000000000000000e+01,-5.502469626343001437e+03
0.000000000000000000e+00,1.700000000000000000e+01,-5.495159074848494129e+03
0.000000000000000000e+00,1.800000000000000000e+01,-5.487978857272034475e+03
0.000000000000000000e+00,1.900000000000000000e+01,-5.480925227561467182e+03
0.000000000000000000e+00,2.000000000000000000e+01,-5.473996156708141825e+03
0.000000000000000000e+00,2.100000000000000000e+01,-5.467191016938784742e+03
0.000000000000000000e+00,2.200000000000000000e+01,-5.460510333082362195e+03
0.000000000000000000e+00,2.300000000000000000e+01,-5.453955572832432154e+03
0.000000000000000000e+00,2.400000000000000000e+01,-5.447528962031614356e+03
0.000000000000000000e+00,2.500000000000000000e+01,-5.441233318150638297e+03
0.000000000000000000e+00,2.600000000000000000e+01,-5.435071898406983564e+03
0.000000000000000000e+00,2.700000000000000000e+01,-5.429048260433733958e+03
0.000000000000000000e+00,2.800000000000000000e+01,-5.423166134099255942e+03
0.000000000000000000e+00,2.900000000000000000e+01,-5.417429303492956933e+03
0.000000000000000000e+00,3.000000000000000000e+01,-5.411841498441152908e+03
0.000000000000000000e+00,3.100000000000000000e+01,-5.406406295259020226e+03
0.000000000000000000e+00,3.200000000000000000e+01,-5.401127026770527664e+03
0.000000000000000000e+00,3.300000000000000000e+01,-5.396006701905398586e+03
0.000000000000000000e+00,3.400000000000000000e+01,-5.391047935377572685e+03
0.000000000000000000e+00,3.500000000000000000e+01,-5.386252888041961342e+03
0.000000000000000000e+00,3.600000000000000000e+01,-5.381623218507960701e+03
0.000000000000000000e+00,3.700000000000000000e+01,-5.377160046465683990e+03
0.000000000000000000e+00,3.800000000000000000e+01,-5.372863927972050078e+03
0.000000000000000000e+00,3.900000000000000000e+01,-5.368734842673504318e+03
0.000000000000000000e+00,4.000000000000000000e+01,-5.364772192639052264e+03
0.000000000000000000e+00,4.100000000000000000e+01,-5.360974812170223231e+03
0.000000000000000000e+00,4.200000000000000000e+01,-5.357340987669304013e+03
0.000000000000000000e+00,4.300000000000000000e+01,-5.353868486404801843e+03
0.000000000000000000e+00,4.400000000000000000e+01,-5.350554592828304521e+03
0.000000000000000000e+00,4.500000000000000000e+01,-5.347396150978038349e+03
0.000000000000000000e+00,4.600000000000000000e+01,-5.344389611453295402e+03
0.000000000000000000e+00,4.700000000000000000e+01,-5.341531081457275832e+03
0.000000000000000000e+00,4.800000000000000000e+01,-5.338816376476052938e+03
0.000000000000000000e+00,4.900000000000000000e+01,-5.336241072277826788e+03
0.000000000000000000e+00,5.000000000000000000e+01,-5.333800556067666548e+03
0.000000000000000000e+00,5.100000000000000000e+01,-5.331490075806095774e+03
0.000000000000000000e+00,5.200000000000000000e+01,-5.329304786883991255e+03
0.000000000000000000e+00,5.300000000000000000e+01,-5.327239795530839729e+03
0.000000000000000000e+00,5.400000000000000000e+01,-5.325290198510518167e+03
0.000000000000000000e+00,5.500000000000000000e+01,-5.323451118821891214e+03
0.000000000000000000e+00,5.600000000000000000e+01,-5.321717737266436416e+03
0.000000000000000000e+00,5.700000000000000000e+01,-5.320085319869310297e+03
0.000000000000000000e+00,5.800000000000000000e+01,-5.318549241242844801e+03
0.000000000000000000e+00,5.900000000000000000e+01,-5.317105004062592343e+03
0.000000000000000000e+00,6.000000000000000000e+01,-5.315748254887170333e+03
0.000000000000000000e+00,6.100000000000000000e+01,-5.314474796596018678e+03
0.000000000000000000e+00,6.200000000000000000e+01,-5.313280597746120293e+03
0.000000000000000000e+00,6.300000000000000000e+01,-5.312161799162174248e+03
0.000000000000000000e+00,6.400000000000000000e+01,-5.311114718077003999e+03
0.000000000000000000e+00,6.500000000000000000e+01,-5.310135850132754967e+03
0.000000000000000000e+00,6.600000000000000000e+01,-5.309221869540249827e+03
0.000000000000000000e+00,6.700000000000000000e+01,-5.308369627676232994e+03
0.000000000000000000e+00,6.800000000000000000e+01,-5.307576150377190061e+03
0.000000000000000000e+00,6.900000000000000000e+01,-5.306838634165670555e+03
0.000000000000000000e+00,7.000000000000000000e+01,-5.306154441621471051e+03
0.000000000000000000e+00,7.100000000000000000e+01,-5.305521096086472426e+03
0.000000000000000000e+00,7.200000000000000000e+01,-5.304936275869143174e+03
0.000000000000000000e+00,7.300000000000000000e+01,-5.304397808092937339e+03
0.000000000000000000e+00,7.400000000000000000e+01,-5.303903662312654888e+03
0.000000000000000000e+00,7.500000000000000000e+01,-5.303451944004056713e+03
0.000000000000000000e+00,7.600000000000000000e+01,-5.303040888015249948e+03
0.000000000000000000e+00,7.700000000000000000e+01,-5.302668852053056980e+03
0.000000000000000000e+00,7.800000000000000000e+01,-5.302334310264125634e+03
0.000000000000000000e+00,7.900000000000000000e+01,-5.302035846958699949e+03
0.000000000000000000e+00,8.000000000000000000e+01,-5.301772150514551868e+03
0.000000000000000000e+00,8.100000000000000000e+01,-5.301542007489696516e+03
0.000000000000000000e+00,8.200000000000000000e+01,-5.301344296964805835e+03
0.000000000000000000e+00,8.300000000000000000e+01,-5.301177985129714216e+03
0.000000000000000000e+00,8.400000000000000000e+01,-5.301042120122947381e+03
0.000000000000000000e+00,8.500000000000000000e+01,-5.300935827128570963e+03
0.000000000000000000e+00,8.600000000000000000e+01,-5.300858303730901753e+03
0.000000000000000000e+00,8.700000000000000000e+01,-5.300808815524414968e+03
0.000000000000000000e+00,8.800000000000000000e+01,-5.300786691973787129e+03
0.000000000000000000e+00,8.900000000000000000e+01,-5.300791322516805849e+03
0.000000000000000000e+00,9.000000000000000000e+01,-5.300822152901384470e+03
0.000000000000000000e+00,9.100000000000000000e+01,-5.300878681746571601e+03
0.000000000000000000e+00,9.200000000000000000e+01,-5.300960457316450629e+03
0.000000000000000000e+00,9.300000000000000000e+01,-5.301067074495089400e+03
0.000000000000000000e+00,9.400000000000000000e+01,-5.301198171950040887e+03
0.000000000000000000e+00,9.500000000000000000e+01,-5.301353429471432719e+03
0.000000000000000000e+00,9.600000000000000000e+01,-5.301532565473333307e+03
0.000000000000000000e+00,9.700000000000000000e+01,-5.301735334643650276e+03
0.000000000000000000e+00,9.800000000000000000e+01,-5.301961525728564084e+03
0.000000000000000000e+00,9.900000000000000000e+01,-5.302210959437084966e+03
0.000000000000000000e+00,1.000000000000000000e+02,-5.302483486450969394e+03
0.000000000000000000e+00,1.010000000000000000e+02,-5.302778985524673772e+03
0.000000000000000000e+00,1.020000000000000000e+02,-5.303097361659485614e+03
0.000000000000000000e+00,1.030000000000000000e+02,-5.303438544335199367e+03
0.000000000000000000e+00,1.040000000000000000e+02,-5.303802485781792711e+03
0.000000000000000000e+00,1.050000000000000000e+02,-5.304189159272399593e+03
0.000000000000000000e+00,1.060000000000000000e+02,-5.304598557417515622e+03
0.000000000000000000e+00,1.070000000000000000e+02,-5.305030690438724378e+03
0.000000000000000000e+00,1.080000000000000000e+02,-5.305485584398084029e+03
0.000000000000000000e+00,1.090000000000000000e+02,-5.305963279357056308e+03
0.000000000000000000e+00,1.100000000000000000e+02,-5.306463827435798521e+03
0.000000000000000000e+00,1.110000000000000000e+02,-5.306987290740334174e+03
0.000000000000000000e+00,1.120000000000000000e+02,-5.307533739120867722e+03
0.000000000000000000e+00,1.130000000000000000e+02,-5.308103247719865976e+03
0.000000000000000000e+00,1.140000000000000000e+02,-5.308695894262594265e+03
0.000000000000000000e+00,1.150000000000000000e+02,-5.309311756036127008e+03
0.000000000000000000e+00,1.160000000000000000e+02,-5.309950906494751507e+03
0.000000000000000000e+00,1.170000000000000000e+02,-5.310613411420066768e+03
0.000000000000000000e+00,1.180000000000000000e+02,-5.311299324552612234e+03
0.000000000000000000e+00,1.190000000000000000e+02,-5.312008682598267114e+03
0.000000000000000000e+00,1.200000000000000000e+02,-5.312741499495956305e+03
0.000000000000000000e+00,1.210000000000000000e+02,-5.313497759813439188e+03
0.000000000000000000e+00,1.220000000000000000e+02,-5.314277411113601374e+03
0.000000000000000000e+00,1.230000000000000000e+02,-5.315080355104186310e+03
0.000000000000000000e+00,1.240000000000000000e+02,-5.315906437347540304e+03
0.000000000000000000e+00,1.250000000000000000e+02,-5.316755435262334686e+03
0.000000000000000000e+00,1.260000000000000000e+02,-5.317627044093963377e+03
0.000000000000000000e+00,1.270000000000000000e+02,-5.318520860461763732e+03
0.000000000000000000e+00,1.280000000000000000e+02,-5.319436363005979729e+03
0.000000000000000000e+00,1.290000000000000000e+02,-5.320372889551163098e+03
0.000000000000000000e+00,1.300000000000000000e+02,-5.321329610070362833e+03
0.000000000000000000e+00,1.310000000000000000e+02,-5.322305494569009170e+03
0.000000000000000000e+00,1.320000000000000000e+02,-5.323299274801663159e+03
0.000000000000000000e+00,1.330000000000000000e+02,-5.324309398478149888e+03
0.000000000000000000e+00,1.340000000000000000e+02,-5.325333974297218447e+03
0.000000000000000000e+00,1.350000000000000000e+02,-5.326370705751510286e+03
0.000000000000000000e+00,1.360000000000000000e+02,-5.327416811161783698e+03
0.000000000000000000e+00,1.370000000000000000e+02,-5.328468926803043360e+03
0.000000000000000000e+00,1.380000000000000000e+02,-5.329522989261852672e+03
0.000000000000000000e+00,1.390000000000000000e+02,-5.330574092294051297e+03
0.000000000000000000e+00,1.400000000000000000e+02,-5.331616312420805116e+03
0.000000000000000000e+00,1.410000000000000000e+02,-5.332642496303138614e+03
0.000000000000000000e+00,1.420000000000000000e+02,-5.333644001585713340e+03
0.000000000000000000e+00,1.430000000000000000e+02,-5.334610381451861031e+03
0.000000000000000000e+00,1.440000000000000000e+02,-5.335529001705845985e+03
0.000000000000000000e+00,1.450000000000000000e+02,-5.336384578039427652e+03
0.000000000000000000e+00,1.460000000000000000e+02,-5.337158620708505623e+03
0.000000000000000000e+00,1.470000000000000000e+02,-5.337828774975333545e+03
0.000000000000000000e+00,1.480000000000000000e+02,-5.338368049825845446e+03
0.000000000000000000e+00,1.490000000000000000e+02,-5.338743937125631419e+03
0.000000000000000000e+00,1.500000000000000000e+02,-5.338917442473538358e+03
0.000000000000000000e+00,1.510000000000000000e+02,-5.338842083117571747e+03
0.000000000000000000e+00,1.520000000000000000e+02,-5.338462963280137046e+03
0.000000000000000000e+00,1.530000000000000000e+02,-5.337716113466925890e+03
0.000000000000000000e+00,1.540000000000000000e+02,-5.336528356936472846e+03
0.000000000000000000e+00,1.550000000000000000e+02,-5.334817970232580592e+03
0.000000000000000000e+00,1.560000000000000000e+02,-5.332496170386393715e+03
0.000000000000000000e+00,1.570000000000000000e+02,-5.329468730872305969e+03
0.000000000000000000e+00,1.580000000000000000e+02,-5.325635599702789477e+03
0.000000000000000000e+00,1.590000000000000000e+02,-5.320884606593466742e+03
0.000000000000000000e+00,1.600000000000000000e+02,-5.315075291749798453e+03
0.000000000000000000e+00,1.610000000000000000e+02,-5.308016952806405243e+03
0.000000000000000000e+00,1.620000000000000000e+02,-5.299471722022211907e+03
0.000000000000000000e+00,1.630000000000000000e+02,-5.289244703350181226e+03
0.000000000000000000e+00,1.640000000000000000e+02,-5.277362154723338790e+03
0.000000000000000000e+00,1.650000000000000000e+02,-5.264158711946276526e+03
0.000000000000000000e+00,1.660000000000000000e+02,-5.250139197106305801e+03
0.000000000000000000e+00,1.670000000000000000e+02,-5.235796902505662729e+03
0.000000000000000000e+00,1.680000000000000000e+02,-5.221557691962523677e+03
0.000000000000000000e+00,1.690000000000000000e+02,-5.207791020014339665e+03
0.000000000000000000e+00,1.700000000000000000e+02,-5.194812830855647917e+03
0.000000000000000000e+00,1.710000000000000000e+02,-5.182873783217681193e+03
0.000000000000000000e+00,1.720000000000000000e+02,-5.172146306901083335e+03
0.000000000000000000e+00,1.730000000000000000e+02,-5.162719389786887405e+03
0.000000000000000000e+00,1.740000000000000000e+02,-5.154603885869066289e+03
0.000000000000000000e+00,1.750000000000000000e+02,-5.147746644161039512e+03
0.000000000000000000e+00,1.760000000000000000e+02,-5.142049259630503002e+03
0.000000000000000000e+00,1.770000000000000000e+02,-5.137387022853234157e+03
0.000000000000000000e+00,1.780000000000000000e+02,-5.133624982262934282e+03
0.000000000000000000e+00,1.790000000000000000e+02,-5.130629771095508659e+03
0.000000000000000000e+00,1.800000000000000000e+02,-5.128277198520709135e+03
0.000000000000000000e+00,1.810000000000000000e+02,-5.126456333159662790e+03
0.000000000000000000e+00,1.820000000000000000e+02,-5.125071033336858818e+03
0.000000000000000000e+00,1.830000000000000000e+02,-5.124039811921238652e+03
0.000000000000000000e+00,1.840000000000000000e+02,-5.123294736762855791e+03
0.000000000000000000e+00,1.850000000000000000e+02,-5.122779863591322282e+03
0.000000000000000000e+00,1.860000000000000000e+02,-5.122449523924396090e+03
0.000000000000000000e+00,1.870000000000000000e+02,-5.122266659526861986e+03
0.000000000000000000e+00,1.880000000000000000e+02,-5.122201304588576932e+03
0.000000000000000000e+00,1.890000000000000000e+02,-5.122229258651183045e+03
0.000000000000000000e+00,1.900000000000000000e+02,-5.122330958408414517e+03
0.000000000000000000e+00,1.910000000000000000e+02,-5.122490537268477055e+03
0.000000000000000000e+00,1.920000000000000000e+02,-5.122695052329940154e+03
0.000000000000000000e+00,1.930000000000000000e+02,-5.122933855231834968e+03
0.000000000000000000e+00,1.940000000000000000e+02,-5.123198083578461592e+03
0.000000000000000000e+00,1.950000000000000000e+02,-5.123480251655779284e+03
0.000000000000000000e+00,1.960000000000000000e+02,-5.123773921950370095e+03
0.000000000000000000e+00,1.970000000000000000e+02,-5.124073441983199700e+03
0.000000000000000000e+00,1.980000000000000000e+02,-5.124373733878273924e+03
0.000000000000000000e+00,1.990000000000000000e+02,-5.124670126762237487e+03
0.000000000000000000e+00,2.000000000000000000e+02,-5.124958224488661472e+03
0.000000000000000000e+00,2.010000000000000000e+02,-5.125233803297915074e+03
0.000000000000000000e+00,2.020000000000000000e+02,-5.125492735871112018e+03
0.000000000000000000e+00,2.030000000000000000e+02,-5.125730939815712190e+03
0.000000000000000000e+00,2.040000000000000000e+02,-5.125944349907123069e+03
0.000000000000000000e+00,2.050000000000000000e+02,-5.126128914345823432e+03
0.000000000000000000e+00,2.060000000000000000e+02,-5.126280615777366620e+03
0.000000000000000000e+00,2.070000000000000000e+02,-5.126395517741719232e+03
0.000000000000000000e+00,2.080000000000000000e+02,-5.126469836448700335e+03
0.000000000000000000e+00,2.090000000000000000e+02,-5.126500036247277421e+03
0.000000000000000000e+00,2.100000000000000000e+02,-5.126482944906891134e+03
0.000000000000000000e+00,2.110000000000000000e+02,-5.126415882067833081e+03
0.000000000000000000e+00,2.120000000000000000e+02,-5.126296791355169262e+03
0.000000000000000000e+00,2.130000000000000000e+02,-5.126124364271121522e+03
0.000000000000000000e+00,2.140000000000000000e+02,-5.125898142736361478e+03
0.000000000000000000e+00,2.150000000000000000e+02,-5.125618587588721311e+03
0.000000000000000000e+00,2.160000000000000000e+02,-5.125287102721066731e+03
0.000000000000000000e+00,2.170000000000000000e+02,-5.124906008675023259e+03
0.000000000000000000e+00,2.180000000000000000e+02,-5.124478464799560243e+03
0.000000000000000000e+00,2.190000000000000000e+02,-5.124008344634121386e+03
0.000000000000000000e+00,2.200000000000000000e+02,-5.123500074029549069e+03
0.000000000000000000e+00,2.210000000000000000e+02,-5.122958444908332240e+03
0.000000000000000000e+00,2.220000000000000000e+02,-5.122388419079769847e+03
0.000000000000000000e+00,2.230000000000000000e+02,-5.121794936161344594e+03
0.000000000000000000e+00,2.240000000000000000e+02,-5.121182737747461033e+03
0.000000000000000000e+00,2.250000000000000000e+02,-5.120556217043303150e+03
0.000000000000000000e+00,2.260000000000000000e+02,-5.119919299824781774e+03
0.000000000000000000e+00,2.270000000000000000e+02,-5.119275359302439938e+03
0.000000000000000000e+00,2.280000000000000000e+02,-5.118627164622917917e+03
0.000000000000000000e+00,2.290000000000000000e+02,-5.117976860537847642e+03
0.000000000000000000e+00,2.300000000000000000e+02,-5.117325974268051141e+03
0.000000000000000000e+00,2.310000000000000000e+02,-5.116675444745425921e+03
0.000000000000000000e+00,2.320000000000000000e+02,-5.116025669120472230e+03
0.000000000000000000e+00,2.330000000000000000e+02,-5.115376561548710924e+03
0.000000000000000000e+00,2.340000000000000000e+02,-5.114727619684841557e+03
0.000000000000000000e+00,2.350000000000000000e+02,-5.114077994905568630e+03
0.000000000000000000e+00,2.360000000000000000e+02,-5.113426562960613410e+03
0.000000000000000000e+00,2.370000000000000000e+02,-5.112771992449685058e+03
0.000000000000000000e+00,2.380000000000000000e+02,-5.112112809195832597e+03
0.000000000000000000e+00,2.390000000000000000e+02,-5.111447455204212019e+03
0.000000000000000000e+00,2.400000000000000000e+02,-5.110774341444265701e+03
0.000000000000000000e+00,2.410000000000000000e+02,-5.110091894165794656e+03
0.000000000000000000e+00,2.420000000000000000e+02,-5.109398594853848408e+03
0.000000000000000000e+00,2.430000000000000000e+02,-5.108693014244883670e+03
0.000000000000000000e+00,2.440000000000000000e+02,-5.107973841068992442e+03
0.000000000000000000e+00,2.450000000000000000e+02,-5.107239906351936042e+03
0.000000000000000000e+00,2.460000000000000000e+02,-5.106490204206944327e+03
0.000000000000000000e+00,2.470000000000000000e+02,-5.105723910070792044e+03
0.000000000000000000e+00,2.480000000000000000e+02,-5.104940397293392380e+03
0.000000000000000000e+00,2.490000000000000000e+02,-5.104139252879367632e+03
0.000000000000000000e+00,2.500000000000000000e+02,-5.103320293011760441e+03
0.000000000000000000e+00,2.510000000000000000e+02,-5.102483578774619673e+03
0.000000000000000000e+00,2.520000000000000000e+02,-5.101629432248158992e+03
0.000000000000000000e+00,2.530000000000000000e+02,-5.100758452894705442e+03
0.000000000000000000e+00,2.540000000000000000e+02,-5.099871533900940449e+03
0.000000000000000000e+00,2.550000000000000000e+02,-5.098969877902826738e+03
0.000000000000000000e+00,2.560000000000000000e+02,-5.098055011298924001e+03
0.000000000000000000e+00,2.570000000000000000e+02,-5.097128796156723183e+03
0.000000000000000000e+00,2.580000000000000000e+02,-5.096193438536980466e+03
0.000000000000000000e+00,2.590000000000000000e+02,-5.095251491911739322e+03
0.000000000000000000e+00,2.600000000000000000e+02,-5.094305854253298094e+03
0.000000000000000000e+00,2.610000000000000000e+02,-5.093359757356251066e+03
0.000000000000000000e+00,2.620000000000000000e+02,-5.092416747061516617e+03
0.000000000000000000e+00,2.630000000000000000e+02,-5.091480653313492439e+03
0.000000000000000000e+00,2.640000000000000000e+02,-5.090555549416065332e+03
0.000000000000000000e+00,2.650000000000000000e+02,-5.089645700448987554e+03
0.000000000000000000e+00,2.660000000000000000e+02,-5.088755501522060513e+03
0.000000000000000000e+00,2.670000000000000000e+02,-5.087889407311899959e+03
0.000000000000000000e+00,2.680000000000000000e+02,-5.087051855060798516e+03
0.000000000000000000e+00,2.690000000000000000e+02,-5.086247183832800147e+03
0.000000000000000000e+00,2.700000000000000000e+02,-5.085479553245108036e+03
0.000000000000000000e+00,2.710000000000000000e+02,-5.084752865073511202e+03
0.000000000000000000e+00,2.720000000000000000e+02,-5.084070691048615117e+03
0.000000000000000000e+00,2.730000000000000000e+02,-5.083436209826906634e+03
0.000000000000000000e+00,2.740000000000000000e+02,-5.082852155575215875e+03
0.000000000000000000e+00,2.750000000000000000e+02,-5.082320779907400720e+03
0.000000000000000000e+00,2.760000000000000000e+02,-5.081843828127701272e+03
0.000000000000000000e+00,2.770000000000000000e+02,-5.081422529937242871e+03
0.000000000000000000e+00,2.780000000000000000e+02,-5.081057604014182289e+03
0.000000000000000000e+00,2.790000000000000000e+02,-5.080749275236727044e+03
0.000000000000000000e+00,2.800000000000000000e+02,-5.080497302818721437e+03
0.000000000000000000e+00,2.810000000000000000e+02,-5.080301017289239098e+03
0.000000000000000000e+00,2.820000000000000000e+02,-5.080159364073536381e+03
0.000000000000000000e+00,2.830000000000000000e+02,-5.080070951411712485e+03
0.000000000000000000e+00,2.840000000000000000e+02,-5.080034100461423805e+03
0.000000000000000000e+00,2.850000000000000000e+02,-5.080046895643856260e+03
0.000000000000000000e+00,2.860000000000000000e+02,-5.080107233576089129e+03
0.000000000000000000e+00,2.870000000000000000e+02,-5.080212869257500643e+03
0.000000000000000000e+00,2.880000000000000000e+02,-5.080361458514830701e+03
0.000000000000000000e+00,2.890000000000000000e+02,-5.080550596036995557e+03
0.000000000000000000e+00,2.900000000000000000e+02,-5.080777848629136315e+03
0.000000000000000000e+00,2.910000000000000000e+02,-5.081040783573890621e+03
0.000000000000000000e+00,2.920000000000000000e+02,-5.081336992199936503e+03
0.000000000000000000e+00,2.930000000000000000e+02,-5.081664108921586376e+03
0.000000000000000000e+00,2.940000000000000000e+02,-5.082019826130006550e+03
0.000000000000000000e+00,2.950000000000000000e+02,-5.082401905390883257e+03
0.000000000000000000e+00,2.960000000000000000e+02,-5.082808185440659145e+03
0.000000000000000000e+00,2.970000000000000000e+02,-5.083236587480350863e+03
0.000000000000000000e+00,2.980000000000000000e+02,-5.083685118249535662e+03
0.000000000000000000e+00,2.990000000000000000e+02,-5.084151871329257119e+03
0.000000000000000000e+00,3.000000000000000000e+02,-5.084635027077576524e+03
0.000000000000000000e+00,3.010000000000000000e+02,-5.085132851550072701e+03
0.000000000000000000e+00,3.020000000000000000e+02,-5.085643694703690926e+03
0.000000000000000000e+00,3.030000000000000000e+02,-5.086165988129282596e+03
0.000000000000000000e+00,3.040000000000000000e+02,-5.086698242508242402e+03
0.000000000000000000e+00,3.050000000000000000e+02,-5.087239044943091358e+03
0.000000000000000000e+00,3.060000000000000000e+02,-5.087787056272143673e+03
0.000000000000000000e+00,3.070000000000000000e+02,-5.088341008444264844e+03
0.000000000000000000e+00,3.080000000000000000e+02,-5.088899702001861442e+03
0.000000000000000000e+00,3.090000000000000000e+02,-5.089462003697760338e+03
0.000000000000000000e+00,3.100000000000000000e+02,-5.090026844254576645e+03
0.000000000000000000e+00,3.110000000000000000e+02,-5.090593216262541318e+03
0.000000000000000000e+00,3.120000000000000000e+02,-5.091160172203224647e+03
0.000000000000000000e+00,3.130000000000000000e+02,-5.091726822581202214e+03
0.000000000000000000e+00,3.140000000000000000e+02,-5.092292334143101471e+03
0.000000000000000000e+00,3.150000000000000000e+02,-5.092855928162816781e+03
0.000000000000000000e+00,3.160000000000000000e+02,-5.093416878772624841e+03
0.000000000000000000e+00,3.170000000000000000e+02,-5.093974511321908722e+03
0.000000000000000000e+00,3.180000000000000000e+02,-5.094528200747839946e+03
0.000000000000000000e+00,3.190000000000000000e+02,-5.095077369945441205e+03
0.000000000000000000e+00,3.200000000000000000e+02,-5.095621488127586417e+03
0.000000000000000000e+00,3.210000000000000000e+02,-5.096160069168532573e+03
0.000000000000000000e+00,3.220000000000000000e+02,-5.096692669927530915e+03
0.000000000000000000e+00,3.230000000000000000e+02,-5.097218888551531563e+03
0.000000000000000000e+00,3.240000000000000000e+02,-5.097738362758279436e+03
0.000000000000000000e+00,3.250000000000000000e+02,-5.098250768102909205e+03
0.000000000000000000e+00,3.260000000000000000e+02,-5.098755816232551297e+03
0.000000000000000000e+00,3.270000000000000000e+02,-5.099253253134605075e+03
0.000000000000000000e+00,3.280000000000000000e+02,-5.099742857385009302e+03
0.000000000000000000e+00,3.290000000000000000e+02,-5.100224438403298336e+03
0.000000000000000000e+00,3.300000000000000000e+02,-5.100697834721371692e+03
0.000000000000000000e+00,3.310000000000000000e+02,-5.101162912272848189e+03
0.000000000000000000e+00,3.320000000000000000e+02,-5.101619562709621277e+03
0.000000000000000000e+00,3.330000000000000000e+02,-5.102067701751811910e+03
0.000000000000000000e+00,3.340000000000000000e+02,-5.102507267576827871e+03
0.000000000000000000e+00,3.350000000000000000e+02,-5.102938219252638191e+03
0.000000000000000000e+00,3.360000000000000000e+02,-5.103360535219714620e+03
0.000000000000000000e+00,3.370000000000000000e+02,-5.103774211825448219e+03
0.000000000000000000e+00,3.380000000000000000e+02,-5.104179261914161543e+03
0.000000000000000000e+00,3.390000000000000000e+02,-5.104575713475200246e+03
0.000000000000000000e+00,3.400000000000000000e+02,-5.104963608350926734e+03
0.000000000000000000e+00,3.410000000000000000e+02,-5.105343001005855513e+03
0.000000000000000000e+00,3.420000000000000000e+02,-5.105713957357605977e+03
0.000000000000000000e+00,3.430000000000000000e+02,-5.106076553669861823e+03
0.000000000000000000e+00,3.440000000000000000e+02,-5.106430875507039673e+03
0.000000000000000000e+00,3.450000000000000000e+02,-5.106777016749969334e+03
0.000000000000000000e+00,3.460000000000000000e+02,-5.107115078671555239e+03
0.000000000000000000e+00,3.470000000000000000e+02,-5.107445169071081182e+03
0.000000000000000000e+00,3.480000000000000000e+02,-5.107767401465492185e+03
0.000000000000000000e+00,3.490000000000000000e+02,-5.108081894335917241e+03
0.000000000000000000e+00,3.500000000000000000e+02,-5.108388770427375675e+03
0.000000000000000000e+00,3.510000000000000000e+02,-5.108688156099598928e+03
0.000000000000000000e+00,3.520000000000000000e+02,-5.108980180726712206e+03
0.000000000000000000e+00,3.530000000000000000e+02,-5.109264976143525928e+03
0.000000000000000000e+00,3.540000000000000000e+02,-5.109542676136110458e+03
0.000000000000000000e+00,3.550000000000000000e+02,-5.109813415974321288e+03
0.000000000000000000e+00,3.560000000000000000e+02,-5.110077331983974545e+03
0.000000000000000000e+00,3.570000000000000000e+02,-5.110334561156343625e+03
0.000000000000000000e+00,3.580000000000000000e+02,-5.110585240792776858e+03
0.000000000000000000e+00,3.590000000000000000e+02,-5.110829508182197969e+03
0.000000000000000000e+00,3.600000000000000000e+02,-5.111067500309378374e+03
0.000000000000000000e+00,3.610000000000000000e+02,-5.111299353591932231e+03
0.000000000000000000e+00,3.620000000000000000e+02,-5.111525203644030626e+03
0.000000000000000000e+00,3.630000000000000000e+02,-5.111745185064972247e+03
0.000000000000000000e+00,3.640000000000000000e+02,-5.111959431250781563e+03
0.000000000000000000e+00,3.650000000000000000e+02,-5.112168074227138277e+03
0.000000000000000000e+00,3.660000000000000000e+02,-5.112371244501969159e+03
0.000000000000000000e+00,3.670000000000000000e+02,-5.112569070936237040e+03
0.000000000000000000e+00,3.680000000000000000e+02,-5.112761680631385389e+03
0.000000000000000000e+00,3.690000000000000000e+02,-5.112949198832152433e+03
0.000000000000000000e+00,3.700000000000000000e+02,-5.113131748843437890e+03
0.000000000000000000e+00,3.710000000000000000e+02,-5.113309451960027218e+03
0.000000000000000000e+00,3.720000000000000000e+02,-5.113482427408065632e+03
0.000000000000000000e+00,3.730000000000000000e+02,-5.113650792297241424e+03
0.000000000000000000e+00,3.740000000000000000e+02,-5.113814661582707231e+03
0.000000000000000000e+00,3.750000000000000000e+02,-5.113974148035811595e+03
0.000000000000000000e+00,3.760000000000000000e+02,-5.114129362222856798e+03
0.000000000000000000e+00,3.770000000000000000e+02,-5.114280412491078096e+03
0.000000000000000000e+00,3.780000000000000000e+02,-5.114427404961126740e+03
0.000000000000000000e+00,3.790000000000000000e+02,-5.114570443525425617e+03
0.000000000000000000e+00,3.800000000000000000e+02,-5.114709629851761747e+03
0.000000000000000000e+00,3.810000000000000000e+02,-5.114845063391565418e+03
0.000000000000000000e+00,3.820000000000000000e+02,-5.114976841392391179e+03
0.000000000000000000e+00,3.830000000000000000e+02,-5.115105058914077745e+03
0.000000000000000000e+00,3.840000000000000000e+02,-5.115229808848209359e+03
0.000000000000000000e+00,3.850000000000000000e+02,-5.115351181940442075e+03
0.000000000000000000e+00,3.860000000000000000e+02,-5.115469266815363881e+03
0.000000000000000000e+00,3.870000000000000000e+02,-5.115584150003558534e+03
0.000000000000000000e+00,3.880000000000000000e+02,-5.115695915970541137e+03
0.000000000000000000e+00,3.890000000000000000e+02,-5.115804647147341711e+03
0.000000000000000000e+00,3.900000000000000000e+02,-5.115910423962463028e+03
0.000000000000000000e+00,3.910000000000000000e+02,-5.116013324874969840e+03
0.000000000000000000e+00,3.920000000000000000e+02,-5.116113426408562191e+03
0.000000000000000000e+00,3.930000000000000000e+02,-5.116210803186384510e+03
0.000000000000000000e+00,3.940000000000000000e+02,-5.116305527966467707e+03
0.000000000000000000e+00,3.950000000000000000e+02,-5.116397671677595099e+03
0.000000000000000000e+00,3.960000000000000000e+02,-5.116487303455499386e+03
0.000000000000000000e+00,3.970000000000000000e+02,-5.116574490679276096e+03
0.000000000000000000e+00,3.980000000000000000e+02,-5.116659299007849768e+03
0.000000000000000000e+00,3.990000000000000000e+02,-5.116741792416476528e+03
0.000000000000000000e+00,4.000000000000000000e+02,-5.116822033233127513e+03
0.000000000000000000e+00,4.010000000000000000e+02,-5.116900082174726776e+03
0.000000000000000000e+00,4.020000000000000000e+02,-5.116975998383134538e+03
0.000000000000000000e+00,4.030000000000000000e+02,-5.117049839460863041e+03
0.000000000000000000e+00,4.040000000000000000e+02,-5.117121661506429518e+03
0.000000000000000000e+00,4.050000000000000000e+02,-5.117191519149333544e+03
0.000000000000000000e+00,4.060000000000000000e+02,-5.117259465584596910e+03
0.000000000000000000e+00,4.070000000000000000e+02,-5.117325552606840574e+03
0.000000000000000000e+00,4.080000000000000000e+02,-5.117389830643875939e+03
0.000000000000000000e+00,4.090000000000000000e+02,-5.117452348789776806e+03
0.000000000000000000e+00,4.100000000000000000e+02,-5.117513154837422917e+03
0.000000000000000000e+00,4.110000000000000000e+02,-5.117572295310462323e+03
0.000000000000000000e+00,4.120000000000000000e+02,-5.117629815494745344e+03
0.000000000000000000e+00,4.130000000000000000e+02,-5.117685759469145523e+03
0.000000000000000000e+00,4.140000000000000000e+02,-5.117740170135811240e+03
0.000000000000000000e+00,4.150000000000000000e+02,-5.117793089249822515e+03
0.000000000000000000e+00,4.160000000000000000e+02,-5.117844557448242995e+03
0.000000000000000000e+00,4.170000000000000000e+02,-5.117894614278578047e+03
0.000000000000000000e+00,4.180000000000000000e+02,-5.117943298226638035e+03
0.000000000000000000e+00,4.190000000000000000e+02,-5.117990646743790421e+03
0.000000000000000000e+00,4.200000000000000000e+02,-5.118036696273631605e+03
0.000000000000000000e+00,4.210000000000000000e+02,-5.118081482278051226e+03
0.000000000000000000e+00,4.220000000000000000e+02,-5.118125039262717110e+03
0.000000000000000000e+00,4.230000000000000000e+02,-5.118167400801978147e+03
0.000000000000000000e+00,4.240000000000000000e+02,-5.118208599563182361e+03
0.000000000000000000e+00,4.250000000000000000e+02,-5.118248667330434728e+03
0.000000000000000000e+00,4.260000000000000000e+02,-5.118287635027795659e+03
0.000000000000000000e+00,4.270000000000000000e+02,-5.118325532741910138e+03
0.000000000000000000e+00,4.280000000000000000e+02,-5.118362389744104803e+03
0.000000000000000000e+00,4.290000000000000000e+02,-5.118398234511948431e+03
0.000000000000000000e+00,4.300000000000000000e+02,-5.118433094750274904e+03
0.000000000000000000e+00,4.310000000000000000e+02,-5.118466997411695957e+03
0.000000000000000000e+00,4.320000000000000000e+02,-5.118499968716603689e+03
0.000000000000000000e+00,4.330000000000000000e+02,-5.118532034172666499e+03
0.000000000000000000e+00,4.340000000000000000e+02,-5.118563218593856618e+03
0.000000000000000000e+00,4.350000000000000000e+02,-5.118593546118959239e+03
0.000000000000000000e+00,4.360000000000000000e+02,-5.118623040229658727e+03
0.000000000000000000e+00,4.370000000000000000e+02,-5.118651723768120064e+03
0.000000000000000000e+00,4.380000000000000000e+02,-5.118679618954159196e+03
0.000000000000000000e+00,4.390000000000000000e+02,-5.118706747401944085e+03
0.000000000000000000e+00,4.400000000000000000e+02,-5.118733130136275577e+03
0.000000000000000000e+00,4.410000000000000000e+02,-5.118758787608451712e+03
0.000000000000000000e+00,4.420000000000000000e+02,-5.118783739711707312e+03
0.000000000000000000e+00,4.430000000000000000e+02,-5.118808005796267025e+03
0.000000000000000000e+00,4.440000000000000000e+02,-5.118831604684000922e+03
0.000000000000000000e+00,4.450000000000000000e+02,-5.118854554682682647e+03
0.000000000000000000e+00,4.460000000000000000e+02,-5.118876873599894680e+03
0.000000000000000000e+00,4.470000000000000000e+02,-5.118898578756557981e+03
0.000000000000000000e+00,4.480000000000000000e+02,-5.118919687000090562e+03
0.000000000000000000e+00,4.490000000000000000e+02,-5.118940214717257732e+03
0.000000000000000000e+00,4.500000000000000000e+02,-5.118960177846634906e+03
0.000000000000000000e+00,4.510000000000000000e+02,-5.118979591890771189e+03
0.000000000000000000e+00,4.520000000000000000e+02,-5.118998471928027357e+03
0.000000000000000000e+00,4.530000000000000000e+02,-5.119016832624080052e+03
0.000000000000000000e+00,4.540000000000000000e+02,-5.119034688243151322e+03
0.000000000000000000e+00,4.550000000000000000e+02,-5.119052052658894354e+03
0.000000000000000000e+00,4.560000000000000000e+02,-5.119068939365039114e+03
0.000000000000000000e+00,4.570000000000000000e+02,-5.119085361485712383e+03
0.000000000000000000e+00,4.580000000000000000e+02,-5.119101331785500406e+03
0.000000000000000000e+00,4.590000000000000000e+02,-5.119116862679240512e+03
0.000000000000000000e+00,4.600000000000000000e+02,-5.119131966241548071e+03
0.000000000000000000e+00,4.610000000000000000e+02,-5.119146654216088791e+03
0.000000000000000000e+00,4.620000000000000000e+02,-5.119160938024588177e+03
0.000000000000000000e+00,4.630000000000000000e+02,-5.119174828775627248e+03
0.000000000000000000e+00,4.640000000000000000e+02,-5.119188337273178149e+03
0.000000000000000000e+00,4.650000000000000000e+02,-5.119201474024909658e+03
0.000000000000000000e+00,4.660000000000000000e+02,-5.119214249250279863e+03
0.000000000000000000e+00,4.670000000000000000e+02,-5.119226672888409666e+03
0.000000000000000000e+00,4.680000000000000000e+02,-5.119238754605728900e+03
0.000000000000000000e+00,4.690000000000000000e+02,-5.119250503803436004e+03
0.000000000000000000e+00,4.700000000000000000e+02,-5.119261929624738514e+03
0.000000000000000000e+00,4.710000000000000000e+02,-5.119273040961904371e+03
0.000000000000000000e+00,4.720000000000000000e+02,-5.119283846463134978e+03
0.000000000000000000e+00,4.730000000000000000e+02,-5.119294354539220876e+03
0.000000000000000000e+00,4.740000000000000000e+02,-5.119304573370042817e+03
0.000000000000000000e+00,4.750000000000000000e+02,-5.119314510910896388e+03
0.000000000000000000e+00,4.760000000000000000e+02,-5.119324174898630190e+03
0.000000000000000000e+00,4.770000000000000000e+02,-5.119333572857623949e+03
0.000000000000000000e+00,4.780000000000000000e+02,-5.119342712105600185e+03
0.000000000000000000e+00,4.790000000000000000e+02,-5.119351599759300370e+03
0.000000000000000000e+00,4.800000000000000000e+02,-5.119360242739971000e+03
0.000000000000000000e+00,4.810000000000000000e+02,-5.119368647778718696e+03
0.000000000000000000e+00,4.820000000000000000e+02,-5.119376821421737077e+03
0.000000000000000000e+00,4.830000000000000000e+02,-5.119384770035347174e+03
0.000000000000000000e+00,4.840000000000000000e+02,-5.119392499810946902e+03
0.000000000000000000e+00,4.850000000000000000e+02,-5.119400016769795002e+03
0.000000000000000000e+00,4.860000000000000000e+02,-5.119407326767680388e+03
0.000000000000000000e+00,4.870000000000000000e+02,-5.119414435499452338e+03
0.000000000000000000e+00,4.880000000000000000e+02,-5.119421348503437912e+03
0.000000000000000000e+00,4.890000000000000000e+02,-5.119428071165731126e+03
0.000000000000000000e+00,4.900000000000000000e+02,-5.119434608724373902e+03
0.000000000000000000e+00,4.910000000000000000e+02,-5.119440966273409686e+03
0.000000000000000000e+00,4.920000000000000000e+02,-5.119447148766837927e+03
0.000000000000000000e+00,4.930000000000000000e+02,-5.119453161022458517e+03
0.000000000000000000e+00,4.940000000000000000e+02,-5.119459007725599804e+03
0.000000000000000000e+00,4.950000000000000000e+02,-5.119464693432762942e+03
0.000000000000000000e+00,4.960000000000000000e+02,-5.119470222575162552e+03
0.000000000000000000e+00,4.970000000000000000e+02,-5.119475599462142782e+03
0.000000000000000000e+00,4.980000000000000000e+02,-5.119480828284553354e+03
0.000000000000000000e+00,4.990000000000000000e+02,-5.119485913117976452e+03
0.000000000000000000e+00,5.000000000000000000e+02,-5.119488969405459102e+03
1.000000000000000000e+00,0.000000000000000000e+00,-7.921056118116776815e+03
1.000000000000000000e+00,1.000000000000000000e+00,-6.289399690081480003e+03
1.000000000000000000e+00,2.000000000000000000e+00,-6.200627814484696501e+03
1.000000000000000000e+00,3.000000000000000000e+00,-6.156447679849874476e+03
1.000000000000000000e+00,4.000000000000000000e+00,-6.124741878746800467e+03
1.000000000000000000e+00,5.000000000000000000e+00,-6.096640942744535096e+03
1.000000000000000000e+00,6.000000000000000000e+00,-6.069773989664216060e+03
1.000000000000000000e+00,7.000000000000000000e+00,-6.043616936490021544e+03
1.000000000000000000e+00,8.000000000000000000e+00,-6.018006740109738530e+03
1.000000000000000000e+00,9.000000000000000000e+00,-5.992768923794273178e+03
1.000000000000000000e+00,1.000000000000000000e+01,-5.967695376113839302e+03
1.000000000000000000e+00,1.100000000000000000e+01,-5.942601181581235323e+03
1.000000000000000000e+00,1.200000000000000000e+01,-5.917392907815950821e+03
1.000000000000000000e+00,1.300000000000000000e+01,-5.892119409516013548e+03
1.000000000000000000e+00,1.400000000000000000e+01,-5.866975872578086637e+03
1.000000000000000000e+00,1.500000000000000000e+01,-5.842256471453342783e+03
1.000000000000000000e+00,1.600000000000000000e+01,-5.818287087321386934e+03
1.000000000000000000e+00,1.700000000000000000e+01,-5.795373150995455035e+03
1.000000000000000000e+00,1.800000000000000000e+01,-5.773773891396218460e+03
1.000000000000000000e+00,1.900000000000000000e+01,-5.753697427614557455e+03
1.000000000000000000e+00,2.000000000000000000e+01,-5.735309319132057681e+03
1.000000000000000000e+00,2.100000000000000000e+01,-5.718746783627373588e+03
1.000000000000000000e+00,2.200000000000000000e+01,-5.704121010847221442e+03
1.000000000000000000e+00,2.300000000000000000e+01,-5.691479592954697182e+03
1.000000000000000000e+00,2.400000000000000000e+01,-5.680727497537960517e+03
1.000000000000000000e+00,2.500000000000000000e+01,-5.671592347090976546e+03
1.000000000000000000e+00,2.600000000000000000e+01,-5.663758170631699613e+03
1.000000000000000000e+00,2.700000000000000000e+01,-5.657091583614363117e+03
1.000000000000000000e+00,2.800000000000000000e+01,-5.651642940929725228e+03
1.000000000000000000e+00,2.900000000000000000e+01,-5.647351700361558869e+03
1.000000000000000000e+00,3.000000000000000000e+01,-5.643869631142973958e+03
1.000000000000000000e+00,3.100000000000000000e+01,-5.640725574504802353e+03
1.000000000000000000e+00,3.200000000000000000e+01,-5.637547997621250943e+03
1.000000000000000000e+00,3.300000000000000000e+01,-5.634125486133303639e+03
1.000000000000000000e+00,3.400000000000000000e+01,-5.630357332817706265e+03
1.000000000000000000e+00,3.500000000000000000e+01,-5.626191459186082284e+03
1.000000000000000000e+00,3.600000000000000000e+01,-5.621585317820627097e+03
1.000000000000000000e+00,3.700000000000000000e+01,-5.616487791397086767e+03
1.000000000000000000e+00,3.800000000000000000e+01,-5.610832562436880835e+03
1.000000000000000000e+00,3.900000000000000000e+01,-5.604536124034394561e+03
1.000000000000000000e+00,4.000000000000000000e+01,-5.597497126125052091e+03
1.000000000000000000e+00,4.100000000000000000e+01,-5.589595856868230840e+03
1.000000000000000000e+00,4.200000000000000000e+01,-5.580693302016736197e+03
1.000000000000000000e+00,4.300000000000000000e+01,-5.570629198379306217e+03
1.000000000000000000e+00,4.400000000000000000e+01,-5.559218857034635221e+03
1.000000000000000000e+00,4.500000000000000000e+01,-5.546249738049619737e+03
1.000000000000000000e+00,4.600000000000000000e+01,-5.531480489956444217e+03
1.000000000000000000e+00,4.700000000000000000e+01,-5.514647089536432759e+03
1.000000000000000000e+00,4.800000000000000000e+01,-5.495482815393167584e+03
1.000000000000000000e+00,4.900000000000000000e+01,-5.473760480255536095e+03
1.000000000000000000e+00,5.000000000000000000e+01,-5.449364268235804957e+03
1.000000000000000000e+00,5.100000000000000000e+01,-5.422390521272352998e+03
1.000000000000000000e+00,5.200000000000000000e+01,-5.393258796502568657e+03
1.000000000000000000e+00,5.300000000000000000e+01,-5.362790166846922148e+03
1.000000000000000000e+00,5.400000000000000000e+01,-5.332193610814676504e+03
1.000000000000000000e+00,5.500000000000000000e+01,-5.302914920271628944e+03
1.000000000000000000e+00,5.600000000000000000e+01,-5.276359780967824918e+03
1.000000000000000000e+00,5.700000000000000000e+01,-5.253584679001822224e+03
1.000000000000000000e+00,5.800000000000000000e+01,-5.235092064846006906e+03
1.000000000000000000e+00,5.900000000000000000e+01,-5.220815436717691227e+03
1.000000000000000000e+00,6.000000000000000000e+01,-5.210270156435683930e+03
1.000000000000000000e+00,6.100000000000000000e+01,-5.202769467507658192e+03
1.000000000000000000e+00,6.200000000000000000e+01,-5.197609080690413975e+03
1.000000000000000000e+00,6.300000000000000000e+01,-5.194177111054944362e+03
1.000000000000000000e+00,6.400000000000000000e+01,-5.191994857167089322e+03
1.000000000000000000e+00,6.500000000000000000e+01,-5.190713838704583395e+03
1.000000000000000000e+00,6.600000000000000000e+01,-5.190092993307349388e+03
1.000000000000000000e+00,6.700000000000000000e+01,-5.189971253132132006e+03
1.000000000000000000e+00,6.800000000000000000e+01,-5.190242911740189811e+03
1.000000000000000000e+00,6.900000000000000000e+01,-5.190838307464639911e+03
1.000000000000000000e+00,7.000000000000000000e+01,-5.191709902009788493e+03
1.000000000000000000e+00,7.100000000000000000e+01,-5.192822868952440331e+03
1.000000000000000000e+00,7.200000000000000000e+01,-5.194149094949640130e+03
1.000000000000000000e+00,7.300000000000000000e+01,-5.195663603742346822e+03
1.000000000000000000e+00,7.400000000000000000e+01,-5.197342618381037937e+03
1.000000000000000000e+00,7.500000000000000000e+01,-5.199162682226064135e+03
1.000000000000000000e+00,7.600000000000000000e+01,-5.201100429158297629e+03
1.000000000000000000e+00,7.700000000000000000e+01,-5.203132722198997726e+03
1.000000000000000000e+00,7.800000000000000000e+01,-5.205236972878491542e+03
1.000000000000000000e+00,7.900000000000000000e+01,-5.207391519554193110e+03
1.000000000000000000e+00,8.000000000000000000e+01,-5.209575989076074620e+03
1.000000000000000000e+00,8.100000000000000000e+01,-5.211771598535970043e+03
1.000000000000000000e+00,8.200000000000000000e+01,-5.213961376343873781e+03
1.000000000000000000e+00,8.300000000000000000e+01,-5.216130297234080899e+03
1.000000000000000000e+00,8.400000000000000000e+01,-5.218265335827622039e+03
1.000000000000000000e+00,8.500000000000000000e+01,-5.220355449364757078e+03
1.000000000000000000e+00,8.600000000000000000e+01,-5.222391503185993315e+03
1.000000000000000000e+00,8.700000000000000000e+01,-5.224366153320964258e+03
1.000000000000000000e+00,8.800000000000000000e+01,-5.226273699846729869e+03
1.000000000000000000e+00,8.900000000000000000e+01,-5.228109923079341570e+03
1.000000000000000000e+00,9.000000000000000000e+01,-5.229871912617532871e+03
1.000000000000000000e+00,9.100000000000000000e+01,-5.231557897095877706e+03
1.000000000000000000e+00,9.200000000000000000e+01,-5.233167080448469278e+03
1.000000000000000000e+00,9.300000000000000000e+01,-5.234699488664491582e+03
1.000000000000000000e+00,9.400000000000000000e+01,-5.236155829495779471e+03
1.000000000000000000e+00,9.500000000000000000e+01,-5.237537366366741480e+03
1.000000000000000000e+00,9.600000000000000000e+01,-5.238845806820633697e+03
1.000000000000000000e+00,9.700000000000000000e+01,-5.240083205177349555e+03
1.000000000000000000e+00,9.800000000000000000e+01,-5.241251878633594970e+03
1.000000000000000000e+00,9.900000000000000000e+01,-5.242354335762909614e+03
1.000000000000000000e+00,1.000000000000000000e+02,-5.243393216229792415e+03
1.000000000000000000e+00,1.010000000000000000e+02,-5.244371240484488226e+03
1.000000000000000000e+00,1.020000000000000000e+02,-5.245291168223592649e+03
1.000000000000000000e+00,1.030000000000000000e+02,-5.246155764463968808e+03
1.000000000000000000e+00,1.040000000000000000e+02,-5.246967772165722636e+03
1.000000000000000000e+00,1.050000000000000000e+02,-5.247729890441753014e+03
1.000000000000000000e+00,1.060000000000000000e+02,-5.248444757497162755e+03
1.000000000000000000e+00,1.070000000000000000e+02,-5.249114937545881730e+03
1.000000000000000000e+00,1.080000000000000000e+02,-5.249742911050067050e+03
1.000000000000000000e+00,1.090000000000000000e+02,-5.250331067718139820e+03
1.000000000000000000e+00,1.100000000000000000e+02,-5.250881701778598654e+03
1.000000000000000000e+00,1.110000000000000000e+02,-5.251397009118825736e+03
1.000000000000000000e+00,1.120000000000000000e+02,-5.251879085941154699e+03
1.000000000000000000e+00,1.130000000000000000e+02,-5.252329928643163839e+03
1.000000000000000000e+00,1.140000000000000000e+02,-5.252751434676257304e+03
1.000000000000000000e+00,1.150000000000000000e+02,-5.253145404176788361e+03
1.000000000000000000e+00,1.160000000000000000e+02,-5.253513542198279538e+03
1.000000000000000000e+00,1.170000000000000000e+02,-5.253857461402275476e+03
1.000000000000000000e+00,1.180000000000000000e+02,-5.254178685089957980e+03
1.000000000000000000e+00,1.190000000000000000e+02,-5.254478650477238261e+03
1.000000000000000000e+00,1.200000000000000000e+02,-5.254758712133532754e+03
1.000000000000000000e+00,1.210000000000000000e+02,-5.255020145518931713e+03
1.000000000000000000e+00,1.220000000000000000e+02,-5.255264150566767057e+03
1.000000000000000000e+00,1.230000000000000000e+02,-5.255491855268810468e+03
1.000000000000000000e+00,1.240000000000000000e+02,-5.255704319228872009e+03
1.000000000000000000e+00,1.250000000000000000e+02,-5.255902537157751794e+03
1.000000000000000000e+00,1.260000000000000000e+02,-5.256087442288415332e+03
1.000000000000000000e+00,1.270000000000000000e+02,-5.256259909695213537e+03
1.000000000000000000e+00,1.280000000000000000e+02,-5.256420759505097521e+03
1.000000000000000000e+00,1.290000000000000000e+02,-5.256570759992136118e+03
1.000000000000000000e+00,1.300000000000000000e+02,-5.256710630549455345e+03
1.000000000000000000e+00,1.310000000000000000e+02,-5.256841044535023684e+03
1.000000000000000000e+00,1.320000000000000000e+02,-5.256962631989566944e+03
1.000000000000000000e+00,1.330000000000000000e+02,-5.257075982226384440e+03
1.000000000000000000e+00,1.340000000000000000e+02,-5.257181646294146049e+03
1.000000000000000000e+00,1.350000000000000000e+02,-5.257280139314600092e+03
1.000000000000000000e+00,1.360000000000000000e+02,-5.257371942698002385e+03
1.000000000000000000e+00,1.370000000000000000e+02,-5.257457506239564282e+03
1.000000000000000000e+00,1.380000000000000000e+02,-5.257537250100745950e+03
1.000000000000000000e+00,1.390000000000000000e+02,-5.257611566679466705e+03
1.000000000000000000e+00,1.400000000000000000e+02,-5.257680822373595220e+03
1.000000000000000000e+00,1.410000000000000000e+02,-5.257745359242157974e+03
1.000000000000000000e+00,1.420000000000000000e+02,-5.257805496568828858e+03
1.000000000000000000e+00,1.430000000000000000e+02,-5.257861532332248316e+03
1.000000000000000000e+00,1.440000000000000000e+02,-5.257913744587692236e+03
1.000000000000000000e+00,1.450000000000000000e+02,-5.257962392764566175e+03
1.000000000000000000e+00,1.460000000000000000e+02,-5.258007718884098722e+03
1.000000000000000000e+00,1.470000000000000000e+02,-5.258049948701467656e+03
1.000000000000000000e+00,1.480000000000000000e+02,-5.258089292776516231e+03
1.000000000000000000e+00,1.490000000000000000e+02,-5.258125947477012232e+03
1.000000000000000000e+00,1.500000000000000000e+02,-5.258160095918310617e+03
1.000000000000000000e+00,1.510000000000000000e+02,-5.258191908843064084e+03
1.000000000000000000e+00,1.520000000000000000e+02,-5.258221545444513140e+03
1.000000000000000000e+00,1.530000000000000000e+02,-5.258249154136689867e+03
1.000000000000000000e+00,1.540000000000000000e+02,-5.258274873274756828e+03
1.000000000000000000e+00,1.550000000000000000e+02,-5.258298831828457878e+03
1.000000000000000000e+00,1.560000000000000000e+02,-5.258321150011615828e+03
1.000000000000000000e+00,1.570000000000000000e+02,-5.258341939870353599e+03
1.000000000000000000e+00,1.580000000000000000e+02,-5.258361305832640937e+03
1.000000000000000000e+00,1.590000000000000000e+02,-5.258379345221570475e+03
1.000000000000000000e+00,1.600000000000000000e+02,-5.258396148734698727e+03
1.000000000000000000e+00,1.610000000000000000e+02,-5.258411800891570238e+03
1.000000000000000000e+00,1.620000000000000000e+02,-5.258426380451501245e+03
1.000000000000000000e+00,1.630000000000000000e+02,-5.258439960803491886e+03
1.000000000000000000e+00,1.640000000000000000e+02,-5.258452610330126845e+03
1.000000000000000000e+00,1.650000000000000000e+02,-5.258464392747106103e+03
1.000000000000000000e+00,1.660000000000000000e+02,-5.258475367420011935e+03
1.000000000000000000e+00,1.670000000000000000e+02,-5.258485589659821926e+03
1.000000000000000000e+00,1.680000000000000000e+02,-5.258495110998524979e+03
1.000000000000000000e+00,1.690000000000000000e+02,-5.258503979446193625e+03
1.000000000000000000e+00,1.700000000000000000e+02,-5.258512239730702277e+03
1.000000000000000000e+00,1.710000000000000000e+02,-5.258519933521275561e+03
1.000000000000000000e+00,1.720000000000000000e+02,-5.258527099636904495e+03
1.000000000000000000e+00,1.730000000000000000e+02,-5.258533774240679122e+03
1.000000000000000000e+00,1.740000000000000000e+02,-5.258539991020940761e+03
1.000000000000000000e+00,1.750000000000000000e+02,-5.258545781360154251e+03
1.000000000000000000e+00,1.760000000000000000e+02,-5.258551174492331484e+03
1.000000000000000000e+00,1.770000000000000000e+02,-5.258556197649749265e+03
1.000000000000000000e+00,1.780000000000000000e+02,-5.258560876199695485e+03
1.000000000000000000e+00,1.790000000000000000e+02,-5.258565233771932981e+03
1.000000000000000000e+00,1.800000000000000000e+02,-5.258569292377466809e+03
1.000000000000000000e+00,1.810000000000000000e+02,-5.258573072519233392e+03
1.000000000000000000e+00,1.820000000000000000e+02,-5.258576593295253588e+03
1.000000000000000000e+00,1.830000000000000000e+02,-5.258579872494738993e+03
1.000000000000000000e+00,1.840000000000000000e+02,-5.258582926687659892e+03
1.000000000000000000e+00,1.850000000000000000e+02,-5.258585771308191397e+03
1.000000000000000000e+00,1.860000000000000000e+02,-5.258588420732467057e+03
1.000000000000000000e+00,1.870000000000000000e+02,-5.258590888351025569e+03
1.000000000000000000e+00,1.880000000000000000e+02,-5.258593186636297105e+03
1.000000000000000000e+00,1.890000000000000000e+02,-5.258595327205499416e+03
1.000000000000000000e+00,1.900000000000000000e+02,-5.258597320879208382e+03
1.000000000000000000e+00,1.910000000000000000e+02,-5.258599177735950434e+03
1.000000000000000000e+00,1.920000000000000000e+02,-5.258600907163036027e+03
1.000000000000000000e+00,1.930000000000000000e+02,-5.258602517903939770e+03
1.000000000000000000e+00,1.940000000000000000e+02,-5.258604018102415466e+03
1.000000000000000000e+00,1.950000000000000000e+02,-5.258605415343610730e+03
1.000000000000000000e+00,1.960000000000000000e+02,-5.258606716692356713e+03
1.000000000000000000e+00,1.970000000000000000e+02,-5.258607928728843035e+03
1.000000000000000000e+00,1.980000000000000000e+02,-5.258609057581835259e+03
1.000000000000000000e+00,1.990000000000000000e+02,-5.258610108959643185e+03
1.000000000000000000e+00,2.000000000000000000e+02,-5.258611088178938189e+03
1.000000000000000000e+00,2.010000000000000000e+02,-5.258612000191620609e+03
1.000000000000000000e+00,2.020000000000000000e+02,-5.258612849609830846e+03
1.000000000000000000e+00,2.030000000000000000e+02,-5.258613640729254257e+03
1.000000000000000000e+00,2.040000000000000000e+02,-5.258614377550824429e+03
1.000000000000000000e+00,2.050000000000000000e+02,-5.258615063800945791e+03
1.000000000000000000e+00,2.060000000000000000e+02,-5.258615702950317427e+03
1.000000000000000000e+00,2.070000000000000000e+02,-5.258616298231481778e+03
1.000000000000000000e+00,2.080000000000000000e+02,-5.258616852655159164e+03
1.000000000000000000e+00,2.090000000000000000e+02,-5.258617369025466360e+03
1.000000000000000000e+00,2.100000000000000000e+02,-5.258617849954087433e+03
1.000000000000000000e+00,2.110000000000000000e+02,-5.258618297873482334e+03
1.000000000000000000e+00,2.120000000000000000e+02,-5.258618715049180537e+03
1.000000000000000000e+00,2.130000000000000000e+02,-5.258619103591235216e+03
1.000000000000000000e+00,2.140000000000000000e+02,-5.258619465464891618e+03
1.000000000000000000e+00,2.150000000000000000e+02,-5.258619802500518745e+03
1.000000000000000000e+00,2.160000000000000000e+02,-5.258620116402875283e+03
1.000000000000000000e+00,2.170000000000000000e+02,-5.258620408759714337e+03
1.000000000000000000e+00,2.180000000000000000e+02,-5.258620681049828818e+03
1.000000000000000000e+00,2.190000000000000000e+02,-5.258620934650510208e+03
1.000000000000000000e+00,2.200000000000000000e+02,-5.258621170844530752e+03
1.000000000000000000e+00,2.210000000000000000e+02,-5.258621390826619972e+03
1.000000000000000000e+00,2.220000000000000000e+02,-5.258621595709511894e+03
1.000000000000000000e+00,2.230000000000000000e+02,-5.258621786529564815e+03
1.000000000000000000e+00,2.240000000000000000e+02,-5.258621964252011821e+03
1.000000000000000000e+00,2.250000000000000000e+02,-5.258622129775836584e+03
1.000000000000000000e+00,2.260000000000000000e+02,-5.258622283938319924e+03
1.000000000000000000e+00,2.270000000000000000e+02,-5.258622427519278972e+03
1.000000000000000000e+00,2.280000000000000000e+02,-5.258622561245005272e+03
1.000000000000000000e+00,2.290000000000000000e+02,-5.258622685791938238e+03
1.000000000000000000e+00,2.300000000000000000e+02,-5.258622801790095764e+03
1.000000000000000000e+00,2.310000000000000000e+02,-5.258622909826250179e+03
1.000000000000000000e+00,2.320000000000000000e+02,-5.258623010446899571e+03
1.000000000000000000e+00,2.330000000000000000e+02,-5.258623104161029005e+03
1.000000000000000000e+00,2.340000000000000000e+02,-5.258623191442693496e+03
1.000000000000000000e+00,2.350000000000000000e+02,-5.258623272733409976e+03
1.000000000000000000e+00,2.360000000000000000e+02,-5.258623348444387375e+03
1.000000000000000000e+00,2.370000000000000000e+02,-5.258623418958613911e+03
1.000000000000000000e+00,2.380000000000000000e+02,-5.258623484632786131e+03
1.000000000000000000e+00,2.390000000000000000e+02,-5.258623545799122439e+03
1.000000000000000000e+00,2.400000000000000000e+02,-5.258623602767032935e+03
1.000000000000000000e+00,2.410000000000000000e+02,-5.258623655824696471e+03
1.000000000000000000e+00,2.420000000000000000e+02,-5.258623705240508571e+03
1.000000000000000000e+00,2.430000000000000000e+02,-5.258623751264442035e+03
1.000000000000000000e+00,2.440000000000000000e+02,-5.258623794129312955e+03
1.000000000000000000e+00,2.450000000000000000e+02,-5.258623834051956692e+03
1.000000000000000000e+00,2.460000000000000000e+02,-5.258623871234325634e+03
1.000000000000000000e+00,2.470000000000000000e+02,-5.258623905864511471e+03
1.000000000000000000e+00,2.480000000000000000e+02,-5.258623938117693797e+03
1.000000000000000000e+00,2.490000000000000000e+02,-5.258623968157027775e+03
1.000000000000000000e+00,2.500000000000000000e+02,-5.258623996134472691e+03
1.000000000000000000e+00,2.510000000000000000e+02,-5.258624022191554104e+03
1.000000000000000000e+00,2.520000000000000000e+02,-5.258624046460085083e+03
1.000000000000000000e+00,2.530000000000000000e+02,-5.258624069062831040e+03
1.000000000000000000e+00,2.540000000000000000e+02,-5.258624090114130013e+03
1.000000000000000000e+00,2.550000000000000000e+02,-5.258624109720473825e+03
1.000000000000000000e+00,2.560000000000000000e+02,-5.258624127981042875e+03
1.000000000000000000e+00,2.570000000000000000e+02,-5.258624144988210901e+03
1.000000000000000000e+00,2.580000000000000000e+02,-5.258624160828009735e+03
1.000000000000000000e+00,2.590000000000000000e+02,-5.258624175580570409e+03
1.000000000000000000e+00,2.600000000000000000e+02,-5.258624189320516962e+03
1.000000000000000000e+00,2.610000000000000000e+02,-5.258624202117356617e+03
1.000000000000000000e+00,2.620000000000000000e+02,-5.258624214035824480e+03
1.000000000000000000e+00,2.630000000000000000e+02,-5.258624225136210043e+03
1.000000000000000000e+00,2.640000000000000000e+02,-5.258624235474668239e+03
1.000000000000000000e+00,2.650000000000000000e+02,-5.258624245103495014e+03
1.000000000000000000e+00,2.660000000000000000e+02,-5.258624254071402902e+03
1.000000000000000000e+00,2.670000000000000000e+02,-5.258624262423752953e+03
1.000000000000000000e+00,2.680000000000000000e+02,-5.258624270202801199e+03
1.000000000000000000e+00,2.690000000000000000e+02,-5.258624277447896020e+03
1.000000000000000000e+00,2.700000000000000000e+02,-5.258624284195689143e+03
1.000000000000000000e+00,2.710000000000000000e+02,-5.258624290480314812e+03
1.000000000000000000e+00,2.720000000000000000e+02,-5.258624296333562597e+03
1.000000000000000000e+00,2.730000000000000000e+02,-5.258624301785046555e+03
1.000000000000000000e+00,2.740000000000000000e+02,-5.258624306862340745e+03
1.000000000000000000e+00,2.750000000000000000e+02,-5.258624311591131118e+03
1.000000000000000000e+00,2.760000000000000000e+02,-5.258624315995337383e+03
1.000000000000000000e+00,2.770000000000000000e+02,-5.258624320097239433e+03
1.000000000000000000e+00,2.780000000000000000e+02,-5.258624323917587390e+03
1.000000000000000000e+00,2.790000000000000000e+02,-5.258624327475707105e+03
1.000000000000000000e+00,2.800000000000000000e+02,-5.258624330789598389e+03
1.000000000000000000e+00,2.810000000000000000e+02,-5.258624333876025048e+03
1.000000000000000000e+00,2.820000000000000000e+02,-5.258624336750597649e+03
1.000000000000000000e+00,2.830000000000000000e+02,-5.258624339427861742e+03
1.000000000000000000e+00,2.840000000000000000e+02,-5.258624341921357882e+03
1.000000000000000000e+00,2.850000000000000000e+02,-5.258624344243700762e+03
1.000000000000000000e+00,2.860000000000000000e+02,-5.258624346406638324e+03
1.000000000000000000e+00,2.870000000000000000e+02,-5.258624348421113609e+03
1.000000000000000000e+00,2.880000000000000000e+02,-5.258624350297313867e+03
1.000000000000000000e+00,2.890000000000000000e+02,-5.258624352044732404e+03
1.000000000000000000e+00,2.900000000000000000e+02,-5.258624353672208599e+03
1.000000000000000000e+00,2.910000000000000000e+02,-5.258624355187974288e+03
1.000000000000000000e+00,2.920000000000000000e+02,-5.258624356599699240e+03
1.000000000000000000e+00,2.930000000000000000e+02,-5.258624357914522989e+03
1.000000000000000000e+00,2.940000000000000000e+02,-5.258624359139098488e+03
1.000000000000000000e+00,2.950000000000000000e+02,-5.258624360279617576e+03
1.000000000000000000e+00,2.960000000000000000e+02,-5.258624361341853728e+03
1.000000000000000000e+00,2.970000000000000000e+02,-5.258624362331175689e+03
1.000000000000000000e+00,2.980000000000000000e+02,-5.258624363252591138e+03
1.000000000000000000e+00,2.990000000000000000e+02,-5.258624364110762144e+03
1.000000000000000000e+00,3.000000000000000000e+02,-5.258624364910026998e+03
1.000000000000000000e+00,3.010000000000000000e+02,-5.258624365654432040e+03
1.000000000000000000e+00,3.020000000000000000e+02,-5.258624366347739851e+03
1.000000000000000000e+00,3.030000000000000000e+02,-5.258624366993459262e+03
1.000000000000000000e+00,3.040000000000000000e+02,-5.258624367594857176e+03
1.000000000000000000e+00,3.050000000000000000e+02,-5.258624368154974036e+03
1.000000000000000000e+00,3.060000000000000000e+02,-5.258624368676645645e+03
1.000000000000000000e+00,3.070000000000000000e+02,-5.258624369162509538e+03
1.000000000000000000e+00,3.080000000000000000e+02,-5.258624369615024079e+03
1.000000000000000000e+00,3.090000000000000000e+02,-5.258624370036476648e+03
1.000000000000000000e+00,3.100000000000000000e+02,-5.258624370429002738e+03
1.000000000000000000e+00,3.110000000000000000e+02,-5.258624370794584138e+03
1.000000000000000000e+00,3.120000000000000000e+02,-5.258624371135072579e+03
1.000000000000000000e+00,3.130000000000000000e+02,-5.258624371452189735e+03
1.000000000000000000e+00,3.140000000000000000e+02,-5.258624371747540863e+03
1.000000000000000000e+00,3.150000000000000000e+02,-5.258624372022618445e+03
1.000000000000000000e+00,3.160000000000000000e+02,-5.258624372278815827e+03
1.000000000000000000e+00,3.170000000000000000e+02,-5.258624372517427219e+03
1.000000000000000000e+00,3.180000000000000000e+02,-5.258624372739660430e+03
1.000000000000000000e+00,3.190000000000000000e+02,-5.258624372946638687e+03
1.000000000000000000e+00,3.200000000000000000e+02,-5.258624373139411546e+03
1.000000000000000000e+00,3.210000000000000000e+02,-5.258624373318949438e+03
1.000000000000000000e+00,3.220000000000000000e+02,-5.258624373486166405e+03
1.000000000000000000e+00,3.230000000000000000e+02,-5.258624373641904640e+03
1.000000000000000000e+00,3.240000000000000000e+02,-5.258624373786953583e+03
1.000000000000000000e+00,3.250000000000000000e+02,-5.258624373922046288e+03
1.000000000000000000e+00,3.260000000000000000e+02,-5.258624374047865786e+03
1.000000000000000000e+00,3.270000000000000000e+02,-5.258624374165049630e+03
1.000000000000000000e+00,3.280000000000000000e+02,-5.258624374274189904e+03
1.000000000000000000e+00,3.290000000000000000e+02,-5.258624374375839579e+03
1.000000000000000000e+00,3.300000000000000000e+02,-5.258624374470510702e+03
1.000000000000000000e+00,3.310000000000000000e+02,-5.258624374558683485e+03
1.000000000000000000e+00,3.320000000000000000e+02,-5.258624374640805399e+03
1.000000000000000000e+00,3.330000000000000000e+02,-5.258624374717290266e+03
1.000000000000000000e+00,3.340000000000000000e+02,-5.258624374788524619e+03
1.000000000000000000e+00,3.350000000000000000e+02,-5.258624374854869529e+03
1.000000000000000000e+00,3.360000000000000000e+02,-5.258624374916660599e+03
1.000000000000000000e+00,3.370000000000000000e+02,-5.258624374974209786e+03
1.000000000000000000e+00,3.380000000000000000e+02,-5.258624375027809037e+03
1.000000000000000000e+00,3.390000000000000000e+02,-5.258624375077730292e+03
1.000000000000000000e+00,3.400000000000000000e+02,-5.258624375124223661e+03
1.000000000000000000e+00,3.410000000000000000e+02,-5.258624375167526523e+03
1.000000000000000000e+00,3.420000000000000000e+02,-5.258624375207857156e+03
1.000000000000000000e+00,3.430000000000000000e+02,-5.258624375245418378e+03
1.000000000000000000e+00,3.440000000000000000e+02,-5.258624375280402091e+03
1.000000000000000000e+00,3.450000000000000000e+02,-5.258624375312985649e+03
1.000000000000000000e+00,3.460000000000000000e+02,-5.258624375343331849e+03
1.000000000000000000e+00,3.470000000000000000e+02,-5.258624375371595306e+03
1.000000000000000000e+00,3.480000000000000000e+02,-5.258624375397917902e+03
1.000000000000000000e+00,3.490000000000000000e+02,-5.258624375422433332e+03
1.000000000000000000e+00,3.500000000000000000e+02,-5.258624375445267106e+03
1.000000000000000000e+00,3.510000000000000000e+02,-5.258624375466533820e+03
1.000000000000000000e+00,3.520000000000000000e+02,-5.258624375486340796e+03
1.000000000000000000e+00,3.530000000000000000e+02,-5.258624375504787167e+03
1.000000000000000000e+00,3.540000000000000000e+02,-5.258624375521968432e+03
1.000000000000000000e+00,3.550000000000000000e+02,-5.258624375537970081e+03
1.000000000000000000e+00,3.560000000000000000e+02,-5.258624375552873062e+03
1.000000000000000000e+00,3.570000000000000000e+02,-5.258624375566752860e+03
1.000000000000000000e+00,3.580000000000000000e+02,-5.258624375579680418e+03
1.000000000000000000e+00,3.590000000000000000e+02,-5.258624375591720309e+03
1.000000000000000000e+00,3.600000000000000000e+02,-5.258624375602934379e+03
1.000000000000000000e+00,3.610000000000000000e+02,-5.258624375613379016e+03
1.000000000000000000e+00,3.620000000000000000e+02,-5.258624375623106062e+03
1.000000000000000000e+00,3.630000000000000000e+02,-5.258624375632165538e+03
1.000000000000000000e+00,3.640000000000000000e+02,-5.258624375640602011e+03
1.000000000000000000e+00,3.650000000000000000e+02,-5.258624375648461864e+03
1.000000000000000000e+00,3.660000000000000000e+02,-5.258624375655780568e+03
1.000000000000000000e+00,3.670000000000000000e+02,-5.258624375662597231e+03
1.000000000000000000e+00,3.680000000000000000e+02,-5.258624375668946413e+03
1.000000000000000000e+00,3.690000000000000000e+02,-5.258624375674859039e+03
1.000000000000000000e+00,3.700000000000000000e+02,-5.258624375680366029e+03
1.000000000000000000e+00,3.710000000000000000e+02,-5.258624375685495579e+03
1.000000000000000000e+00,3.720000000000000000e+02,-5.258624375690271336e+03
1.000000000000000000e+00,3.730000000000000000e+02,-5.258624375694720584e+03
1.000000000000000000e+00,3.740000000000000000e+02,-5.258624375698864242e+03
1.000000000000000000e+00,3.750000000000000000e+02,-5.258624375702724137e+03
1.000000000000000000e+00,3.760000000000000000e+02,-5.258624375706318460e+03
1.000000000000000000e+00,3.770000000000000000e+02,-5.258624375709665401e+03
1.000000000000000000e+00,3.780000000000000000e+02,-5.258624375712783149e+03
1.000000000000000000e+00,3.790000000000000000e+02,-5.258624375715688075e+03
1.000000000000000000e+00,3.800000000000000000e+02,-5.258624375718392002e+03
1.000000000000000000e+00,3.810000000000000000e+02,-5.258624375720910393e+03
1.000000000000000000e+00,3.820000000000000000e+02,-5.258624375723256890e+03
1.000000000000000000e+00,3.830000000000000000e+02,-5.258624375725442405e+03
1.000000000000000000e+00,3.840000000000000000e+02,-5.258624375727476945e+03
1.000000000000000000e+00,3.850000000000000000e+02,-5.258624375729372332e+03
1.000000000000000000e+00,3.860000000000000000e+02,-5.258624375731137661e+03
1.000000000000000000e+00,3.870000000000000000e+02,-5.258624375732782028e+03
1.000000000000000000e+00,3.880000000000000000e+02,-5.258624375734313617e+03
1.000000000000000000e+00,3.890000000000000000e+02,-5.258624375735738795e+03
1.000000000000000000e+00,3.900000000000000000e+02,-5.258624375737067567e+03
1.000000000000000000e+00,3.910000000000000000e+02,-5.258624375738304479e+03
1.000000000000000000e+00,3.920000000000000000e+02,-5.258624375739456809e+03
1.000000000000000000e+00,3.930000000000000000e+02,-5.258624375740530013e+03
1.000000000000000000e+00,3.940000000000000000e+02,-5.258624375741529548e+03
1.000000000000000000e+00,3.950000000000000000e+02,-5.258624375742459961e+03
1.000000000000000000e+00,3.960000000000000000e+02,-5.258624375743326709e+03
1.000000000000000000e+00,3.970000000000000000e+02,-5.258624375744133431e+03
1.000000000000000000e+00,3.980000000000000000e+02,-5.258624375744886493e+03
1.000000000000000000e+00,3.990000000000000000e+02,-5.258624375745586804e+03
1.000000000000000000e+00,4.000000000000000000e+02,-5.258624375746239821e+03
1.000000000000000000e+00,4.010000000000000000e+02,-5.258624375746845544e+03
1.000000000000000000e+00,4.020000000000000000e+02,-5.258624375747412159e+03
1.000000000000000000e+00,4.030000000000000000e+02,-5.258624375747938757e+03
1.000000000000000000e+00,4.040000000000000000e+02,-5.258624375748429884e+03
1.000000000000000000e+00,4.050000000000000000e+02,-5.258624375748886450e+03
1.000000000000000000e+00,4.060000000000000000e+02,-5.258624375749312094e+03
1.000000000000000000e+00,4.070000000000000000e+02,-5.258624375749708634e+03
1.000000000000000000e+00,4.080000000000000000e+02,-5.258624375750077888e+03
1.000000000000000000e+00,4.090000000000000000e+02,-5.258624375750421677e+03
1.000000000000000000e+00,4.100000000000000000e+02,-5.258624375750741820e+03
1.000000000000000000e+00,4.110000000000000000e+02,-5.258624375751041953e+03
1.000000000000000000e+00,4.120000000000000000e+02,-5.258624375751318439e+03
1.000000000000000000e+00,4.130000000000000000e+02,-5.258624375751576736e+03
1.000000000000000000e+00,4.140000000000000000e+02,-5.258624375751818661e+03
1.000000000000000000e+00,4.150000000000000000e+02,-5.258624375752043306e+03
1.000000000000000000e+00,4.160000000000000000e+02,-5.258624375752251581e+03
1.000000000000000000e+00,4.170000000000000000e+02,-5.258624375752446213e+03
1.000000000000000000e+00,4.180000000000000000e+02,-5.258624375752627202e+03
1.000000000000000000e+00,4.190000000000000000e+02,-5.258624375752797278e+03
1.000000000000000000e+00,4.200000000000000000e+02,-5.258624375752953711e+03
1.000000000000000000e+00,4.210000000000000000e+02,-5.258624375753101049e+03
1.000000000000000000e+00,4.220000000000000000e+02,-5.258624375753237473e+03
1.000000000000000000e+00,4.230000000000000000e+02,-5.258624375753364802e+03
1.000000000000000000e+00,4.240000000000000000e+02,-5.258624375753483037e+03
1.000000000000000000e+00,4.250000000000000000e+02,-5.258624375753593085e+03
1.000000000000000000e+00,4.260000000000000000e+02,-5.258624375753695858e+03
1.000000000000000000e+00,4.270000000000000000e+02,-5.258624375753792265e+03
1.000000000000000000e+00,4.280000000000000000e+02,-5.258624375753881395e+03
1.000000000000000000e+00,4.290000000000000000e+02,-5.258624375753963250e+03
1.000000000000000000e+00,4.300000000000000000e+02,-5.258624375754041466e+03
1.000000000000000000e+00,4.310000000000000000e+02,-5.258624375754113316e+03
1.000000000000000000e+00,4.320000000000000000e+02,-5.258624375754180619e+03
1.000000000000000000e+00,4.330000000000000000e+02,-5.258624375754242465e+03
1.000000000000000000e+00,4.340000000000000000e+02,-5.258624375754299763e+03
1.000000000000000000e+00,4.350000000000000000e+02,-5.258624375754354332e+03
1.000000000000000000e+00,4.360000000000000000e+02,-5.258624375754404355e+03
1.000000000000000000e+00,4.370000000000000000e+02,-5.258624375754451648e+03
1.000000000000000000e+00,4.380000000000000000e+02,-5.258624375754496214e+03
1.000000000000000000e+00,4.390000000000000000e+02,-5.258624375754536231e+03
1.000000000000000000e+00,4.400000000000000000e+02,-5.258624375754572611e+03
1.000000000000000000e+00,4.410000000000000000e+02,-5.258624375754608081e+03
1.000000000000000000e+00,4.420000000000000000e+02,-5.258624375754641733e+03
1.000000000000000000e+00,4.430000000000000000e+02,-5.258624375754672656e+03
1.000000000000000000e+00,4.440000000000000000e+02,-5.258624375754701759e+03
1.000000000000000000e+00,4.450000000000000000e+02,-5.258624375754728135e+03
1.000000000000000000e+00,4.460000000000000000e+02,-5.258624375754752691e+03
1.000000000000000000e+00,4.470000000000000000e+02,-5.258624375754774519e+03
1.000000000000000000e+00,4.480000000000000000e+02,-5.258624375754797256e+03
1.000000000000000000e+00,4.490000000000000000e+02,-5.258624375754817265e+03
1.000000000000000000e+00,4.500000000000000000e+02,-5.258624375754836365e+03
1.000000000000000000e+00,4.510000000000000000e+02,-5.258624375754852736e+03
1.000000000000000000e+00,4.520000000000000000e+02,-5.258624375754870016e+03
1.000000000000000000e+00,4.530000000000000000e+02,-5.258624375754884568e+03
1.000000000000000000e+00,4.540000000000000000e+02,-5.258624375754898210e+03
1.000000000000000000e+00,4.550000000000000000e+02,-5.258624375754912762e+03
1.000000000000000000e+00,4.560000000000000000e+02,-5.258624375754923676e+03
1.000000000000000000e+00,4.570000000000000000e+02,-5.258624375754934590e+03
1.000000000000000000e+00,4.580000000000000000e+02,-5.258624375754945504e+03
1.000000000000000000e+00,4.590000000000000000e+02,-5.258624375754954599e+03
1.000000000000000000e+00,4.600000000000000000e+02,-5.258624375754965513e+03
1.000000000000000000e+00,4.610000000000000000e+02,-5.258624375754973698e+03
1.000000000000000000e+00,4.620000000000000000e+02,-5.258624375754981884e+03
1.000000000000000000e+00,4.630000000000000000e+02,-5.258624375754989160e+03
1.000000000000000000e+00,4.640000000000000000e+02,-5.258624375754996436e+03
1.000000000000000000e+00,4.650000000000000000e+02,-5.258624375755002802e+03
1.000000000000000000e+00,4.660000000000000000e+02,-5.258624375755010078e+03
1.000000000000000000e+00,4.670000000000000000e+02,-5.258624375755014626e+03
1.000000000000000000e+00,4.680000000000000000e+02,-5.258624375755020083e+03
1.000000000000000000e+00,4.690000000000000000e+02,-5.258624375755025540e+03
1.000000000000000000e+00,4.700000000000000000e+02,-5.258624375755029178e+03
1.000000000000000000e+00,4.710000000000000000e+02,-5.258624375755032816e+03
1.000000000000000000e+00,4.720000000000000000e+02,-5.258624375755036453e+03
1.000000000000000000e+00,4.730000000000000000e+02,-5.258624375755041001e+03
1.000000000000000000e+00,4.740000000000000000e+02,-5.258624375755043729e+03
1.000000000000000000e+00,4.750000000000000000e+02,-5.258624375755047367e+03
1.000000000000000000e+00,4.760000000000000000e+02,-5.258624375755051005e+03
1.000000000000000000e+00,4.770000000000000000e+02,-5.258624375755052824e+03
1.000000000000000000e+00,4.780000000000000000e+02,-5.258624375755055553e+03
1.000000000000000000e+00,4.790000000000000000e+02,-5.258624375755058281e+03
1.000000000000000000e+00,4.800000000000000000e+02,-5.258624375755060100e+03
1.000000000000000000e+00,4.810000000000000000e+02,-5.258624375755061919e+03
1.000000000000000000e+00,4.820000000000000000e+02,-5.258624375755063738e+03
1.000000000000000000e+00,4.830000000000000000e+02,-5.258624375755065557e+03
1.000000000000000000e+00,4.840000000000000000e+02,-5.258624375755067376e+03
1.000000000000000000e+00,4.850000000000000000e+02,-5.258624375755069195e+03
1.000000000000000000e+00,4.860000000000000000e+02,-5.258624375755071014e+03
1.000000000000000000e+00,4.870000000000000000e+02,-5.258624375755071924e+03
1.000000000000000000e+00,4.880000000000000000e+02,-5.258624375755072833e+03
1.000000000000000000e+00,4.890000000000000000e+02,-5.258624375755073743e+03
1.000000000000000000e+00,4.900000000000000000e+02,-5.258624375755075562e+03
1.000000000000000000e+00,4.910000000000000000e+02,-5.258624375755075562e+03
1.000000000000000000e+00,4.920000000000000000e+02,-5.258624375755076471e+03
1.000000000000000000e+00,4.930000000000000000e+02,-5.258624375755077381e+03
1.000000000000000000e+00,4.940000000000000000e+02,-5.258624375755078290e+03
1.000000000000000000e+00,4.950000000000000000e+02,-5.258624375755079200e+03
1.000000000000000000e+00,4.960000000000000000e+02,-5.258624375755080109e+03
1.000000000000000000e+00,4.970000000000000000e+02,-5.258624375755081019e+03
1.000000000000000000e+00,4.980000000000000000e+02,-5.258624375755081019e+03
1.000000000000000000e+00,4.990000000000000000e+02,-5.258624375755081928e+03
1.000000000000000000e+00,5.000000000000000000e+02,-5.258624375755081928e+03
